PC1,PC2,PC3,PC4,PC5,Superdomain,Domain,Phylum,Class,Order,Family,Genus,Species,ID,Replicons_name,Replicons_type,ID-replicon,fullname,GC,size,Coding size,Non-coding size,coding_percentage,non_coding_percentage,overlap,overlap_percentage
-0.3591906004504073,2.0358377923837807,0.39515836628285866,0.31280034724053035,-5.201102606834804e-16,Prokaryote,Bacteria,Proteobacteria,Gammaproteobacteria,Enterobacterales,Enterobacteriaceae,Salmonella,Salmonella enterica,GCF_000006945.2_ASM694v2,NC_003277.2,plasmid,plasmid_pSLT_GCF_000006945.2_ASM694v2,Salmonella enterica,0.531,93933,77369,19097,82.366154599555,20.33044829825514,2533,2.6966028978101413
1.2952919778558483,-0.17255237021360717,-1.3718864835513862,0.678129776043146,-5.2011026068348e-16,Prokaryote,Bacteria,Firmicutes,Clostridia,Eubacteriales,Peptostreptococcaceae,Clostridioides,Clostridioides difficile,GCF_018885085.1_ASM1888508v1,NZ_CP076402.1,plasmid,plasmid_unnamed_GCF_018885085.1_ASM1888508v1,Clostridioides difficile,0.245,6760,4189,2557,61.96745562130177,37.82544378698225,-14,-0.20710059171597633
0.09836852149236981,-1.0730832409274973,1.3713327466680776,0.878080486723397,-5.201102606834804e-16,Prokaryote,Bacteria,Firmicutes,Bacilli,Lactobacillales,Lactobacillaceae,Lactobacillus,Lactobacillus crispatus,GCF_009769205.1_ASM976920v1,NZ_CP039267.1,plasmid,plasmid_pLcDC21.1_1_GCF_009769205.1_ASM976920v1,Lactobacillus crispatus,0.334,16343,10790,5553,66.02215015603011,33.97784984396989,0,0.0
-1.886747700608033,-0.6329947962443664,-0.7741247816283635,-0.2703588045841204,-5.201102606834807e-16,Prokaryote,Bacteria,Proteobacteria,Gammaproteobacteria,Vibrionales,Vibrionaceae,Vibrio,Vibrio cholerae,GCF_008369605.1_ASM836960v1,NZ_CP043555.1,plasmid,plasmid_unnamed_GCF_008369605.1_ASM836960v1,Vibrio cholerae,0.412,49113,42060,7126,85.63924011972391,14.509396697412091,73,0.1486368171359925
0.8522778017102248,-0.15720738499830905,0.3795201522288123,-1.5986518054229524,-5.201102606834804e-16,Prokaryote,Bacteria,Proteobacteria,Epsilonproteobacteria,Campylobacterales,Helicobacteraceae,Helicobacter,Helicobacter pylori,GCF_017821535.1_ASM1782153v1,NZ_CP071983.1,plasmid,plasmid_pMT5135_GCF_017821535.1_ASM1782153v1,Helicobacter pylori,0.341,9259,7285,1964,78.68020304568529,21.211793930230048,-10,-0.10800302408467437
