PC1,PC2,PC3,PC4,PC5,Superdomain,Domain,Phylum,Class,Order,Family,Genus,Species,ID,Replicons_name,Replicons_type,ID-replicon,fullname,GC,size,Coding size,Non-coding size,coding_percentage,non_coding_percentage,overlap,overlap_percentage
-0.03460060044482643,-0.8506391075564077,-1.3543098848685617,-0.3957534822886622,2.0190864717460324e-16,Prokaryote,Bacteria,Proteobacteria,Gammaproteobacteria,Enterobacterales,Enterobacteriaceae,Salmonella,Salmonella enterica,GCF_000006945.2_ASM694v2,NC_003277.2,plasmid,plasmid_pSLT_GCF_000006945.2_ASM694v2,Salmonella enterica,0.531,93933,77369,19097,82.366154599555,20.33044829825514,2533,2.6966028978101413
0.9624276954074583,-0.40072942224718905,0.9976516561991837,-0.874900099351516,2.019086471746035e-16,Prokaryote,Bacteria,Firmicutes,Clostridia,Eubacteriales,Peptostreptococcaceae,Clostridioides,Clostridioides difficile,GCF_018885085.1_ASM1888508v1,NZ_CP076402.1,plasmid,plasmid_unnamed_GCF_018885085.1_ASM1888508v1,Clostridioides difficile,0.245,6760,4189,2557,61.96745562130177,37.82544378698225,-14,-0.20710059171597633
0.46628814929398205,1.6616881582238718,-0.3985839946584789,-0.022779152857362362,2.0190864717460322e-16,Prokaryote,Bacteria,Firmicutes,Bacilli,Lactobacillales,Lactobacillaceae,Lactobacillus,Lactobacillus crispatus,GCF_009769205.1_ASM976920v1,NZ_CP039267.1,plasmid,plasmid_pLcDC21.1_1_GCF_009769205.1_ASM976920v1,Lactobacillus crispatus,0.334,16343,10790,5553,66.02215015603011,33.97784984396989,0,0.0
-1.9606827907603586,0.07364179070403717,0.49424002100702497,-0.04199798283800512,2.0190864717460346e-16,Prokaryote,Bacteria,Proteobacteria,Gammaproteobacteria,Vibrionales,Vibrionaceae,Vibrio,Vibrio cholerae,GCF_008369605.1_ASM836960v1,NZ_CP043555.1,plasmid,plasmid_unnamed_GCF_008369605.1_ASM836960v1,Vibrio cholerae,0.412,49113,42060,7126,85.63924011972391,14.509396697412091,73,0.1486368171359925
0.5665675465037432,-0.48396141912431273,0.261002202320831,1.3354307173355473,2.01908647174603e-16,Prokaryote,Bacteria,Proteobacteria,Epsilonproteobacteria,Campylobacterales,Helicobacteraceae,Helicobacter,Helicobacter pylori,GCF_017821535.1_ASM1782153v1,NZ_CP071983.1,plasmid,plasmid_pMT5135_GCF_017821535.1_ASM1782153v1,Helicobacter pylori,0.341,9259,7285,1964,78.68020304568529,21.211793930230048,-10,-0.10800302408467437
